Strike,ImpVol
95,0.205148292675
96,0.204937890797
97,0.20476055318
98,0.204639209816
99,0.204556630709
100,0.204523344501
101,0.202754793765
102,0.202824582824
103,0.202931255235
104,0.203071965851
